record_date,devs_1dau,devs_7dau,devs_28dau
2020-01-01,184,1234,6521
2020-01-02,515,1296,6289
2020-01-03,516,1390,6148
2020-01-04,257,1436,6156
2020-01-05,233,1440,6135
2020-01-06,595,1583,6062
2020-01-07,764,1836,6015
2020-01-08,695,2056,5933
2020-01-09,715,2141,5812
2020-01-10,638,2146,5670
2020-01-11,227,2100,5627
2020-01-12,257,2102,5581
2020-01-13,679,2135,5438
2020-01-14,699,2087,5294
2020-01-15,662,2055,5073
2020-01-16,668,2002,4916
2020-01-17,619,1970,4830
2020-01-18,236,1996,4821
2020-01-19,281,2005,4845
2020-01-20,684,2021,4911
2020-01-21,777,2072,5013
2020-01-22,760,2132,5127
2020-01-23,734,2159,5175
2020-01-24,656,2169,5238
2020-01-25,272,2187,5257
2020-01-26,230,2172,5263
2020-01-27,657,2146,5314
2020-01-28,729,2106,5400
2020-01-29,754,2072,5511
2020-01-30,798,2115,5561
2020-01-31,770,2166,5605
2020-02-01,346,2198,5600
2020-02-02,308,2232,5622
2020-02-03,799,2300,5680
2020-02-04,807,2334,5607
2020-02-05,824,2380,5624
2020-02-06,829,2387,5637
2020-02-07,804,2370,5667
2020-02-08,352,2398,5745
2020-02-09,376,2430,5778
2020-02-10,858,2439,5823
2020-02-11,844,2462,5836
2020-02-12,831,2466,5878
2020-02-13,795,2449,5902
2020-02-14,706,2383,5906
2020-02-15,311,2354,5928
2020-02-16,342,2335,5945
2020-02-17,750,2317,5960
2020-02-18,882,2319,5966
2020-02-19,863,2341,5975
2020-02-20,803,2311,5966
2020-02-21,698,2283,5948
2020-02-22,320,2316,5971
2020-02-23,331,2310,6000
2020-02-24,755,2349,6022
2020-02-25,845,2344,6058
2020-02-26,860,2339,6089
2020-02-27,836,2355,6067
2020-02-28,796,2408,6060
2020-02-29,292,2401,6057
2020-03-01,279,2369,6033
2020-03-02,894,2425,6009
2020-03-03,879,2431,6045
2020-03-04,896,2462,6041
2020-03-05,848,2452,6017
2020-03-06,841,2425,6031
2020-03-07,338,2460,6015
2020-03-08,389,2525,6025
2020-03-09,868,2517,6032
2020-03-10,947,2544,6036
2020-03-11,885,2532,6058
2020-03-12,855,2544,6083
2020-03-13,753,2508,6116
2020-03-14,366,2542,6168
2020-03-15,364,2521,6166
2020-03-16,822,2498,6181
2020-03-17,839,2449,6171
2020-03-18,867,2450,6183
2020-03-19,901,2435,6216
2020-03-20,845,2461,6259
2020-03-21,437,2493,6310
2020-03-22,527,2557,6356
2020-03-23,932,2564,6367
2020-03-24,953,2612,6400
2020-03-25,942,2621,6404
2020-03-26,985,2656,6455
2020-03-27,926,2667,6435
2020-03-28,498,2714,6500
2020-03-29,530,2689,6563
2020-03-30,1000,2725,6579
2020-03-31,975,2736,6581
2020-04-01,1016,2776,6581
2020-04-02,1026,2799,6617
2020-04-03,893,2785,6590
2020-04-04,481,2785,6633
2020-04-05,495,2729,6607
2020-04-06,969,2732,6614
2020-04-07,999,2750,6583
2020-04-08,976,2742,6567
2020-04-09,911,2688,6563
2020-04-10,765,2651,6540
2020-04-11,476,2654,6560
2020-04-12,483,2669,6591
2020-04-13,865,2618,6604
2020-04-14,1098,2698,6705
2020-04-15,1081,2735,6739
2020-04-16,1058,2790,6787
2020-04-17,999,2848,6806
2020-04-18,496,2860,6819
2020-04-19,573,2925,6841
2020-04-20,1096,3006,6896
2020-04-21,1154,3048,6967
2020-04-22,1170,3072,7018
2020-04-23,1180,3136,7095
2020-04-24,1099,3196,7144
2020-04-25,552,3236,7166
2020-04-26,616,3262,7168
2020-04-27,1127,3281,7198
2020-04-28,1099,3252,7250
2020-04-29,1113,3278,7286
2020-04-30,1091,3213,7306
2020-05-01,787,3087,7294
2020-05-02,553,3084,7314
2020-05-03,571,3058,7346
2020-05-04,1120,3052,7384
2020-05-05,1113,3052,7407
2020-05-06,1163,3077,7451
2020-05-07,1168,3088,7490
2020-05-08,988,3156,7533
2020-05-09,593,3188,7568
2020-05-10,609,3200,7615
2020-05-11,1167,3251,7673
2020-05-12,1155,3242,7681
2020-05-13,1183,3268,7707
2020-05-14,1160,3231,7708
2020-05-15,1216,3371,7847
2020-05-16,694,3496,8025
2020-05-17,734,3621,8183
2020-05-18,1293,3717,8306
2020-05-19,1270,3792,8332
2020-05-20,1273,3832,8372
2020-05-21,1112,3826,8346
2020-05-22,1032,3669,8283
2020-05-23,623,3621,8350
2020-05-24,585,3492,8334
2020-05-25,1060,3400,8328
2020-05-26,1260,3375,8324
2020-05-27,1255,3340,8346
2020-05-28,1283,3401,8381
2020-05-29,1280,3519,8549
2020-05-30,679,3562,8652
2020-05-31,672,3656,8737
2020-06-01,1174,3705,8784
2020-06-02,1362,3793,8866
2020-06-03,1396,3912,8950
2020-06-04,1397,3945,9036
2020-06-05,1334,3909,9130
2020-06-06,677,3862,9138
2020-06-07,737,3889,9193
2020-06-08,1626,4126,9412
2020-06-09,1694,4336,9679
2020-06-10,1621,4513,9914
2020-06-11,1720,4764,10270
2020-06-12,1527,4972,10446
2020-06-13,816,5109,10511
2020-06-14,911,5174,10515
2020-06-15,1628,5165,10595
2020-06-16,1793,5154,10810
2020-06-17,1975,5355,11167
2020-06-18,2065,5541,11614
2020-06-19,1890,5694,11982
2020-06-20,1009,5814,12147
2020-06-21,1050,5913,12381
2020-06-22,1924,6088,12667
2020-06-23,1921,6150,12908
2020-06-24,1903,6058,13172
2020-06-25,1763,5857,13314
2020-06-26,1645,5662,13365
2020-06-27,902,5570,13407
2020-06-28,1053,5504,13473
2020-06-29,1917,5493,13674
2020-06-30,1919,5572,13890
2020-07-01,1915,5596,14095
2020-07-02,1938,5706,14286
2020-07-03,1657,5705,14430
2020-07-04,871,5705,14521
2020-07-05,879,5670,14553
2020-07-06,1831,5617,14555
2020-07-07,1881,5547,14530
2020-07-08,1881,5472,14513
2020-07-09,1922,5444,14474
2020-07-10,1751,5402,14438
2020-07-11,838,5398,14439
2020-07-12,892,5395,14430
2020-07-13,1777,5378,14481
2020-07-14,1821,5396,14466
2020-07-15,1893,5402,14353
2020-07-16,1892,5388,14184
2020-07-17,1728,5268,13961
2020-07-18,916,5331,13916
2020-07-19,926,5358,13828
2020-07-20,1834,5364,13728
2020-07-21,1947,5362,13713
2020-07-22,1912,5317,13638
2020-07-23,1933,5332,13641
2020-07-24,1737,5288,13573
2020-07-25,863,5240,13541
2020-07-26,935,5258,13533
2020-07-27,1911,5314,13437
2020-07-28,1948,5296,13314
2020-07-29,1906,5291,13214
2020-07-30,1819,5213,13105
2020-07-31,1605,5101,12957
2020-08-01,788,5098,12921
2020-08-02,826,5081,12867
2020-08-03,1743,5070,12796
2020-08-04,1782,4990,12759
2020-08-05,1762,4911,12673
2020-08-06,1747,4881,12562
2020-08-07,1567,4786,12458
2020-08-08,830,4822,12457
2020-08-09,883,4890,12466
2020-08-10,1772,4902,12469
2020-08-11,1767,4896,12389
2020-08-12,1828,4934,12328
2020-08-13,1788,4945,12268
2020-08-14,1635,4909,12219
2020-08-15,786,4920,12187
2020-08-16,869,4907,12186
2020-08-17,1744,4937,12186
2020-08-18,1864,5010,12181
2020-08-19,1848,5035,12211
2020-08-20,1819,5061,12171
2020-08-21,1685,5047,12169
2020-08-22,787,5058,12184
2020-08-23,821,5024,12151
2020-08-24,1878,5101,12137
2020-08-25,1852,5104,12073
2020-08-26,1771,5065,12008
2020-08-27,1814,4987,11999
2020-08-28,1693,4954,11967
2020-08-29,810,4968,11950
2020-08-30,802,4976,11936
2020-08-31,1764,4964,11931
2020-09-01,1784,4933,11888
2020-09-02,1903,4997,11920
2020-09-03,1900,5033,11987
2020-09-04,1721,5010,12014
2020-09-05,761,5017,12007
2020-09-06,755,5012,11951
2020-09-07,1616,5019,11940
2020-09-08,1978,5225,12078
2020-09-09,1969,5228,12084
2020-09-10,1959,5179,12119
2020-09-11,1803,5189,12130
2020-09-12,795,5197,12117
2020-09-13,868,5266,12130
2020-09-14,1946,5348,12198
2020-09-15,2003,5343,12224
2020-09-16,2011,5333,12245
2020-09-17,2007,5368,12248
2020-09-18,1810,5324,12241
2020-09-19,901,5363,12285
2020-09-20,876,5391,12343
2020-09-21,1929,5462,12379
2020-09-22,1993,5478,12431
2020-09-23,2012,5492,12480
2020-09-24,2022,5506,12516
2020-09-25,1878,5468,12515
2020-09-26,824,5439,12572
2020-09-27,870,5412,12597
2020-09-28,1875,5398,12629
2020-09-29,2013,5480,12777
2020-09-30,1986,5499,12782
2020-10-01,1891,5488,12749
2020-10-02,1637,5388,12741
2020-10-03,768,5380,12749
2020-10-04,880,5388,12793
2020-10-05,1909,5431,12825
2020-10-06,1997,5373,12819
2020-10-07,1982,5332,12841
2020-10-08,2035,5422,12924
2020-10-09,1991,5571,12986
2020-10-10,930,5615,13016
2020-10-11,1004,5690,13062
2020-10-12,2005,5770,13145
2020-10-13,2214,5921,13271
2020-10-14,2087,6006,13322
2020-10-15,2093,5965,13360
2020-10-16,1980,5891,13332
2020-10-17,933,5882,13342
2020-10-18,1040,5952,13418
2020-10-19,2298,6074,13563
2020-10-20,2354,6138,13710
2020-10-21,2340,6205,13765
2020-10-22,2344,6287,13831
2020-10-23,2129,6318,13905
2020-10-24,937,6306,13926
2020-10-25,985,6282,13962
2020-10-26,2190,6241,14045
2020-10-27,2255,6232,14048
2020-10-28,2183,6183,14063
2020-10-29,2185,6103,14129
2020-10-30,2036,6024,14201
2020-10-31,935,6065,14240
2020-11-01,1028,6101,14295
2020-11-02,2078,6068,14352
2020-11-03,2159,6058,14411
2020-11-04,2165,6078,14517
2020-11-05,2234,6080,14520
2020-11-06,2079,6067,14507
2020-11-07,931,6094,14504
2020-11-08,1012,6112,14528
2020-11-09,2241,6176,14546
2020-11-10,2271,6211,14530
2020-11-11,2135,6159,14513
2020-11-12,2278,6131,14542
2020-11-13,2127,6151,14584
2020-11-14,893,6100,14550
2020-11-15,993,6113,14560
2020-11-16,2137,6088,14484
2020-11-17,2327,6149,14510
2020-11-18,2297,6185,14481
2020-11-19,2335,6255,14477
2020-11-20,2093,6180,14423
2020-11-21,991,6219,14471
2020-11-22,1062,6235,14508
2020-11-23,2218,6345,14593
2020-11-24,2316,6339,14629
2020-11-25,2213,6278,14605
2020-11-26,2139,6277,14602
2020-11-27,1888,6161,14577
2020-11-28,995,6215,14636
2020-11-29,1060,6232,14657
2020-11-30,2323,6275,14698
2020-12-01,2407,6361,14806
2020-12-02,2434,6475,14844
2020-12-03,2389,6482,14816
2020-12-04,2282,6533,14851
2020-12-05,1091,6610,14921
2020-12-06,1179,6655,14952
2020-12-07,2458,6744,15047
2020-12-08,2365,6710,15098
2020-12-09,2584,6807,15210
2020-12-10,2490,6888,15316
2020-12-11,2246,6849,15339
2020-12-12,1071,6864,15410
2020-12-13,1124,6900,15459
2020-12-14,2456,6928,15531
2020-12-15,2415,6972,15564
2020-12-16,2392,6819,15556
2020-12-17,2408,6702,15586
2020-12-18,2156,6536,15589
2020-12-19,936,6523,15650
2020-12-20,1065,6537,15695
2020-12-21,2127,6455,15717
2020-12-22,2138,6413,15716
2020-12-23,1881,6263,15704
2020-12-24,1405,5876,15604
2020-12-25,990,5391,15478
2020-12-26,869,5381,15466
2020-12-27,905,5362,15472
2020-12-28,1648,5215,15430
2020-12-29,1707,4945,15331
2020-12-30,1622,4691,15224
2020-12-31,1283,4574,15047
2021-01-01,781,4471,14759
2021-01-02,905,4440,14712
2021-01-03,1071,4528,14707
2021-01-04,2170,4925,14684
2021-01-05,2305,5259,14688
2021-01-06,2259,5517,14573
2021-01-07,2449,5915,14521
2021-01-08,2376,6459,14548
2021-01-09,1213,6684,14705
2021-01-10,1289,6816,14787
2021-01-11,2606,7056,14872
2021-01-12,2720,7259,14980
2021-01-13,2751,7490,15102
2021-01-14,2622,7551,15117
2021-01-15,2553,7609,15209
2021-01-16,1315,7690,15383
2021-01-17,1401,7743,15554
2021-01-18,2652,7849,15765
2021-01-19,2751,7890,15896
2021-01-20,2772,7861,16053
2021-01-21,2739,7873,16320
2021-01-22,2658,7830,16645
2021-01-23,1249,7855,16764
2021-01-24,1298,7760,16875
2021-01-25,2648,7713,17056
2021-01-26,2582,7676,17226
2021-01-27,2759,7669,17433
2021-01-28,2808,7668,17708
2021-01-29,2596,7621,18015
2021-01-30,1273,7624,18179
2021-01-31,1401,7676,18315
2021-02-01,2862,7814,18508
2021-02-02,2817,7897,18639
2021-02-03,2875,7949,18770
2021-02-04,2916,7956,18856
2021-02-05,2766,7976,18868
2021-02-06,1267,8001,18841
2021-02-07,1487,8013,18852
2021-02-08,2860,8035,18929
2021-02-09,2869,8067,18959
2021-02-10,2782,8064,18947
2021-02-11,2595,8014,18992
2021-02-12,2304,7792,18851
2021-02-13,1206,7799,18846
2021-02-14,1237,7699,18761
2021-02-15,2436,7570,18683
2021-02-16,2674,7431,18685
2021-02-17,2833,7401,18710
2021-02-18,2882,7507,18752
2021-02-19,2716,7636,18712
2021-02-20,1440,7736,18738
2021-02-21,1509,7908,18854
2021-02-22,3062,8213,19011
2021-02-23,3040,8370,19116
2021-02-24,3151,8458,19233
2021-02-25,3099,8448,19278
2021-02-26,2907,8480,19344
2021-02-27,1416,8521,19405
2021-02-28,1502,8522,19442
2021-03-01,3152,8602,19500
2021-03-02,3316,8738,19627
2021-03-03,3208,8814,19738
2021-03-04,3240,8902,19815
2021-03-05,3037,8920,19839
2021-03-06,1483,8975,19958
2021-03-07,1555,9012,19988
2021-03-08,3250,9091,20113
2021-03-09,3347,9120,20183
2021-03-10,3399,9184,20337
2021-03-11,3346,9244,20474
2021-03-12,3053,9155,20634
2021-03-13,1396,9173,20695
2021-03-14,1540,9202,20802
2021-03-15,3298,9316,21069
2021-03-16,3199,9337,21232
2021-03-17,3240,9284,21333
2021-03-18,3356,9214,21432
2021-03-19,3196,9283,21607
2021-03-20,1501,9407,21730
2021-03-21,1642,9436,21803
2021-03-22,3487,9509,21969
2021-03-23,3477,9616,22132
2021-03-24,3417,9696,22196
2021-03-25,3333,9611,22248
2021-03-26,3130,9530,22354
2021-03-27,1465,9526,22403
2021-03-28,1541,9529,22407
2021-03-29,3190,9452,22422
2021-03-30,3338,9367,22418
2021-03-31,3351,9386,22437
2021-04-01,3098,9256,22370
2021-04-02,2381,9008,22284
2021-04-03,1438,9026,22311
2021-04-04,1437,8980,22297
2021-04-05,2628,8824,22242
2021-04-06,3467,8922,22287
2021-04-07,3556,8938,22310
2021-04-08,3485,9069,22321
2021-04-09,3226,9246,22346
2021-04-10,1597,9346,22400
2021-04-11,1649,9442,22412
2021-04-12,3600,9822,22459
2021-04-13,3364,9925,22510
2021-04-14,3560,9947,22646
2021-04-15,3628,9941,22719
2021-04-16,3472,10050,22779
2021-04-17,1622,10111,22821
2021-04-18,1719,10144,22877
2021-04-19,3614,10193,22901
2021-04-20,3644,10270,22964
2021-04-21,3420,10187,22994
2021-04-22,3530,10117,23031
2021-04-23,3295,9930,22998
2021-04-24,1652,9980,23073
2021-04-25,1936,10073,23203
2021-04-26,3721,10143,23371
2021-04-27,3731,10215,23484
2021-04-28,3803,10293,23501
2021-04-29,3613,10296,23564
2021-04-30,3418,10347,23781
2021-05-01,1562,10344,23887
2021-05-02,1793,10367,24017
2021-05-03,3437,10420,24286
2021-05-04,3645,10418,24418
2021-05-05,3693,10324,24469
2021-05-06,3813,10432,24527
2021-05-07,3684,10413,24702
2021-05-08,2116,10782,24999
2021-05-09,2033,10962,25154
2021-05-10,4105,11283,25371
2021-05-11,4058,11455,25545
2021-05-12,3912,11515,25615
2021-05-13,3509,11527,25704
2021-05-14,3337,11416,25724
2021-05-15,1983,11387,25925
2021-05-16,1979,11403,26060
2021-05-17,4009,11369,26181
2021-05-18,4171,11442,26405
2021-05-19,4046,11426,26575
2021-05-20,4066,11491,26708
2021-05-21,3900,11583,26812
2021-05-22,1979,11552,26936
2021-05-23,2153,11649,27093
2021-05-24,3833,11687,27258
2021-05-25,4239,11699,27439
2021-05-26,4270,11832,27571
2021-05-27,4255,11863,27702
2021-05-28,3834,11735,27666
2021-05-29,1953,11767,27818
2021-05-30,2089,11825,27999
2021-05-31,3832,11895,28109
2021-06-01,4293,11994,28285
2021-06-02,4295,11946,28438
2021-06-03,4060,11857,28513
2021-06-04,3859,11816,28493
2021-06-05,1959,11867,28415
2021-06-06,2089,11819,28396
2021-06-07,4329,11951,28407
2021-06-08,4300,11932,28380
2021-06-09,4229,11885,28398
2021-06-10,4318,11993,28491
2021-06-11,3866,11925,28496
2021-06-12,1854,11974,28443
2021-06-13,1900,11935,28416
2021-06-14,3935,11850,28409
2021-06-15,4259,11832,28447
2021-06-16,4217,11811,28501
2021-06-17,4253,11652,28528
2021-06-18,3901,11608,28428
2021-06-19,1767,11519,28348
2021-06-20,1916,11535,28279
2021-06-21,4134,11617,28280
2021-06-22,4306,11598,28347
2021-06-23,4257,11619,28277
2021-06-24,4271,11598,28250
2021-06-25,3842,11444,28133
2021-06-26,1720,11462,28057
2021-06-27,1860,11452,27963
2021-06-28,4180,11572,27988
2021-06-29,4171,11562,27951
2021-06-30,4258,11547,27922
2021-07-01,4104,11522,27957
2021-07-02,3644,11305,27809
2021-07-03,1685,11296,27747
2021-07-04,1792,11287,27669
2021-07-05,3734,11173,27532
2021-07-06,4129,11256,27443
2021-07-07,4190,11245,27467
2021-07-08,4286,11247,27353
2021-07-09,3739,11121,27268
2021-07-10,1759,11246,27246
2021-07-11,1811,11269,27257
2021-07-12,4282,11460,27326
2021-07-13,4351,11566,27296
2021-07-14,4175,11554,27262
2021-07-15,4306,11515,27236
2021-07-16,3882,11457,27170
2021-07-17,1791,11542,27227
2021-07-18,1929,11636,27244
2021-07-19,4236,11650,27263
2021-07-20,4255,11629,27294
2021-07-21,4159,11589,27230
2021-07-22,4070,11430,27172
2021-07-23,3762,11227,27059
2021-07-24,1822,11290,27131
2021-07-25,1874,11299,27115
2021-07-26,4211,11454,27175
2021-07-27,4391,11564,27261
2021-07-28,4300,11696,27261
2021-07-29,4141,11642,27187
2021-07-30,3718,11466,27105
2021-07-31,1719,11437,27148
2021-08-01,1797,11430,27156
2021-08-02,4193,11622,27343
2021-08-03,4189,11502,27332
2021-08-04,4279,11391,27335
2021-08-05,4116,11271,27218
2021-08-06,3712,11123,27052
2021-08-07,1650,11052,27028
2021-08-08,1792,11083,27048
2021-08-09,4048,11147,27064
2021-08-10,4177,11191,27071
2021-08-11,4181,11216,27170
2021-08-12,4100,11206,27141
2021-08-13,3612,11015,27000
2021-08-14,1665,11134,27016
2021-08-15,1749,11171,26997
2021-08-16,3993,11205,27017
2021-08-17,4182,11283,27014
2021-08-18,4178,11239,27071
2021-08-19,4185,11199,27066
2021-08-20,3781,11045,26969
2021-08-21,1622,11023,26897
2021-08-22,1763,11029,26857
2021-08-23,4201,11195,26889
2021-08-24,4305,11339,26847
2021-08-25,4298,11379,26739
2021-08-26,4215,11347,26710
2021-08-27,3815,11218,26687
2021-08-28,1744,11310,26723
2021-08-29,1847,11378,26738
2021-08-30,4151,11423,26692
2021-08-31,4511,11580,26755
2021-09-01,4510,11689,26784
2021-09-02,4483,11799,26846
2021-09-03,4012,11770,26862
2021-09-04,1729,11807,26934
2021-09-05,1767,11751,26956
2021-09-06,3900,11801,26924
2021-09-07,4339,11787,26958
2021-09-08,4433,11802,26961
2021-09-09,4529,11785,27004
2021-09-10,3888,11644,26979
2021-09-11,1919,11732,27069
2021-09-12,2029,11877,27227
2021-09-13,4488,12122,27340
2021-09-14,4719,12298,27524
2021-09-15,4710,12415,27692
2021-09-16,4632,12445,27812
2021-09-17,4286,12470,27877
2021-09-18,2009,12472,27996
2021-09-19,1952,12476,28103
2021-09-20,4239,12579,28198
2021-09-21,4447,12532,28283
2021-09-22,4694,12533,28383
2021-09-23,4653,12508,28497
2021-09-24,4320,12342,28560
2021-09-25,1986,12408,28635
2021-09-26,2272,12492,28670
2021-09-27,4668,12745,28880
2021-09-28,4779,12785,28888
2021-09-29,4920,12934,28964
2021-09-30,4880,12990,29002
2021-10-01,4056,12823,28971
2021-10-02,1903,12846,29032
2021-10-03,2001,12767,29079
2021-10-04,4475,12788,29239
2021-10-05,4615,12773,29372
2021-10-06,4717,12764,29582
2021-10-07,4589,12520,29601
2021-10-08,4528,12730,29768
2021-10-09,2026,12821,29820
2021-10-10,2091,12872,29864
2021-10-11,4543,13063,30019
2021-10-12,4828,13197,30177
2021-10-13,4953,13324,30267
2021-10-14,4884,13438,30362
2021-10-15,4197,13178,30315
2021-10-16,2081,13294,30450
2021-10-17,2260,13370,30548
2021-10-18,5200,13687,30847
2021-10-19,5250,13852,31053
2021-10-20,5183,13867,31221
2021-10-21,5104,13813,31275
2021-10-22,4671,13858,31301
2021-10-23,2157,13978,31472
2021-10-24,2203,13989,31478
2021-10-25,5333,14125,31697
2021-10-26,5276,14179,31900
2021-10-27,5241,14228,32033
2021-10-28,5312,14278,32178
2021-10-29,4840,14315,32329
2021-10-30,2216,14422,32472
2021-10-31,2240,14423,32554
2021-11-01,4516,14255,32686
2021-11-02,5095,14251,32790
2021-11-03,5116,14366,32979
2021-11-04,4792,14110,33042
2021-11-05,4501,13766,32858
2021-11-06,2122,13720,32938
2021-11-07,2334,13781,32986
2021-11-08,5287,14023,33116
2021-11-09,5457,14164,33235
2021-11-10,5285,14191,33214
2021-11-11,5009,14316,33194
2021-11-12,4927,14469,33356
2021-11-13,2253,14556,33413
2021-11-14,2460,14586,33462
2021-11-15,5226,14785,33582
2021-11-16,5521,14734,33672
2021-11-17,5564,14815,33816
2021-11-18,5608,15006,33962
2021-11-19,5189,14994,34159
2021-11-20,2405,15072,34222
2021-11-21,2526,15167,34333
2021-11-22,5563,15428,34518
2021-11-23,5447,15422,34597
2021-11-24,5447,15394,34710
2021-11-25,5102,15185,34640
2021-11-26,4729,14876,34530
2021-11-27,2379,14931,34597
2021-11-28,2564,14866,34685
2021-11-29,5767,15055,34955
2021-11-30,5814,15185,35087
2021-12-01,5819,15352,35223
2021-12-02,5763,15523,35419
2021-12-03,5297,15658,35512
2021-12-04,2577,15844,35725
2021-12-05,2674,15920,35858
2021-12-06,5858,16069,36182
2021-12-07,6077,16159,36327
2021-12-08,5781,16151,36489
2021-12-09,5918,16185,36666
2021-12-10,5295,16042,36620
2021-12-11,2605,16092,36768
2021-12-12,2719,16201,36902
2021-12-13,5954,16305,37128
2021-12-14,5860,16282,37242
2021-12-15,5771,16202,37326
2021-12-16,5669,16127,37386
2021-12-17,4993,15905,37314
2021-12-18,2326,15878,37386
2021-12-19,2288,15751,37285
2021-12-20,5084,15471,37312
2021-12-21,5103,15152,37287
2021-12-22,4853,14679,37177
2021-12-23,4384,14049,37082
2021-12-24,3102,13180,36834
2021-12-25,1725,12964,36731
2021-12-26,2021,12873,36645
2021-12-27,3829,12500,36391
2021-12-28,3967,12036,36111
2021-12-29,3818,11510,35803
2021-12-30,3607,10998,35364
2021-12-31,2547,10701,34819
2022-01-01,1660,10728,34624
2022-01-02,2016,10785,34600
2022-01-03,4291,11387,34381
2022-01-04,5125,12036,34257
2022-01-05,5328,12713,34183
2022-01-06,5114,13253,33979
2022-01-07,4921,13913,33829
2022-01-08,2349,14128,33797
2022-01-09,2610,14382,33828
2022-01-10,5573,14862,33621
2022-01-11,5782,15226,33552
2022-01-12,5858,15394,33456
2022-01-13,5814,15640,33418
2022-01-14,5219,15645,33272
2022-01-15,2472,15793,33289
2022-01-16,2624,15785,33368
2022-01-17,5586,15936,33606
2022-01-18,5981,16063,33764
2022-01-19,5880,15989,33955
2022-01-20,5877,15953,34168
2022-01-21,5428,15888,34555
2022-01-22,2646,15968,34816
2022-01-23,2762,16017,34955
2022-01-24,6014,16120,35326
2022-01-25,5997,16182,35683
2022-01-26,5601,16145,35974
2022-01-27,5918,16195,36368
2022-01-28,5398,16130,36826
2022-01-29,2633,16220,37061
2022-01-30,2716,16221,37245
2022-01-31,5318,16083,37401
2022-02-01,5505,15966,37601
2022-02-02,5346,15849,37584
2022-02-03,5582,15683,37646
2022-02-04,5250,15346,37618
2022-02-05,2400,15202,37648
2022-02-06,2620,15135,37597
2022-02-07,6049,15714,37772
2022-02-08,6114,15925,37856
2022-02-09,6281,16281,37886
2022-02-10,6340,16483,37978
2022-02-11,5520,16456,37968
2022-02-12,2512,16590,38032
2022-02-13,2664,16648,38074
2022-02-14,6039,16708,38178
2022-02-15,6389,16902,38288
2022-02-16,6373,16852,38415
2022-02-17,6295,16680,38502
2022-02-18,5801,16632,38565
2022-02-19,2696,16739,38583
2022-02-20,2886,16848,38640
2022-02-21,6110,17061,38763
2022-02-22,6535,17221,38881
2022-02-23,6259,17196,38982
2022-02-24,6397,17225,39031
2022-02-25,5732,17072,39028
2022-02-26,2656,17171,39008
2022-02-27,2783,17119,38973
2022-02-28,5989,17146,39136
2022-03-01,5892,16947,39077
2022-03-02,6289,16901,39285
2022-03-03,6323,16890,39441
2022-03-04,5932,16851,39532
2022-03-05,2733,16999,39710
2022-03-06,2787,17025,39772
2022-03-07,6523,17282,39893
2022-03-08,6608,17520,40068
2022-03-09,6806,17721,40134
2022-03-10,6828,17924,40209
2022-03-11,6257,17984,40327
2022-03-12,2826,18019,40427
2022-03-13,2899,18103,40538
2022-03-14,6751,18311,40850
2022-03-15,6816,18393,40990
2022-03-16,6752,18459,41223
2022-03-17,6783,18448,41393
2022-03-18,5859,18182,41408
2022-03-19,2820,18261,41572
2022-03-20,2908,18295,41591
2022-03-21,6636,18376,41698
2022-03-22,7150,18531,41876
2022-03-23,7141,18656,42075
2022-03-24,7524,19008,42504
2022-03-25,6416,19082,42553
2022-03-26,3006,19242,42734
2022-03-27,3163,19322,42846
2022-03-28,7165,19529,43086
2022-03-29,7269,19616,43393
2022-03-30,7232,19730,43729
2022-03-31,7433,19692,44082
2022-04-01,6616,19658,44180
2022-04-02,3236,19790,44361
2022-04-03,3391,19952,44562
2022-04-04,7115,20189,44920
2022-04-05,7196,20232,45168
2022-04-06,7494,20434,45359
2022-04-07,7660,20394,45596
2022-04-08,7030,20388,45699
2022-04-09,3284,20579,45920
2022-04-10,3420,20650,46091
2022-04-11,7371,20799,46381
2022-04-12,7540,20929,46685
2022-04-13,7365,20884,46808
2022-04-14,6882,20573,46983
2022-04-15,5053,19878,46975
2022-04-16,3049,19820,47106
2022-04-17,3202,19732,47190
2022-04-18,6184,19520,47382
2022-04-19,7519,19600,47572
2022-04-20,7522,19759,47856
2022-04-21,7499,19793,47811
2022-04-22,7028,20288,47989
2022-04-23,3351,20435,48080
2022-04-24,3864,20729,48317
2022-04-25,7864,21349,48650
2022-04-26,8035,21687,48865
2022-04-27,7984,21907,49140
2022-04-28,7904,22019,49189
2022-04-29,6958,21876,49286
2022-04-30,3228,21856,49368
2022-05-01,3193,21693,49335
2022-05-02,6106,21238,49280
2022-05-03,6334,20823,49261
2022-05-04,6838,20354,49179
2022-05-05,7437,19999,49115
2022-05-06,7002,19845,49101
2022-05-07,3615,19940,49174
2022-05-08,3528,20143,49225
2022-05-09,7912,20880,49393
2022-05-10,8344,21704,49766
2022-05-11,8371,22306,50171
2022-05-12,8295,22472,50443
2022-05-13,7400,22464,50811
2022-05-14,3387,22460,50972
2022-05-15,3666,22580,51153
2022-05-16,8163,22812,51551
2022-05-17,8592,23028,51998
2022-05-18,8457,22994,52276
2022-05-19,8419,22991,52544
2022-05-20,7683,22883,52609
2022-05-21,3494,22916,52653
2022-05-22,3887,23110,52797
2022-05-23,8579,23350,53042
2022-05-24,8918,23559,53377
2022-05-25,8859,23819,53586
2022-05-26,7734,23440,53403
2022-05-27,7631,23377,53479
2022-05-28,4016,23590,53670
2022-05-29,4166,23744,54015
2022-05-30,7882,23717,54424
2022-05-31,8599,23640,54868
2022-06-01,8332,23432,55240
2022-06-02,8260,23689,55395
2022-06-03,7073,23469,55405
2022-06-04,3464,23334,55395
2022-06-05,3469,22957,55375
2022-06-06,7673,22920,55437
2022-06-07,8942,23045,55631
2022-06-08,9031,23295,55818
2022-06-09,8628,23260,55825
2022-06-10,7777,23358,55764
2022-06-11,3449,23359,55840
2022-06-12,3625,23432,55867
2022-06-13,8569,23786,55983
2022-06-14,8984,23894,56155
2022-06-15,8890,23810,56309
2022-06-16,8286,23632,56268
2022-06-17,7661,23468,56207
2022-06-18,3476,23578,56343
2022-06-19,3450,23563,56292
2022-06-20,8347,23772,56465
2022-06-21,8888,23811,56471
2022-06-22,8858,23652,56321
2022-06-23,8513,23578,56476
2022-06-24,7665,23363,56419
2022-06-25,3488,23467,56316
2022-06-26,3580,23570,56066
2022-06-27,8747,23743,56149
2022-06-28,8947,23723,56168
2022-06-29,8881,23727,56288
2022-06-30,8736,23733,56344
2022-07-01,7834,23610,56463
2022-07-02,3299,23519,56385
2022-07-03,3518,23529,56405
2022-07-04,7685,23343,56421
2022-07-05,8676,23337,56430
2022-07-06,8802,23219,56249
2022-07-07,8713,23099,56146
2022-07-08,7719,22724,56063
2022-07-09,3094,22716,56018
2022-07-10,3238,22595,55885
2022-07-11,8478,22927,55983
2022-07-12,8654,22975,55889
2022-07-13,8829,22981,55708
2022-07-14,8555,22925,55676
2022-07-15,7852,22863,55604
2022-07-16,3360,22974,55545
2022-07-17,3434,23087,55567
2022-07-18,8492,23336,55608
2022-07-19,9115,23632,55714
2022-07-20,9051,23788,55742
2022-07-21,9219,23948,55866
2022-07-22,8291,23816,55849
2022-07-23,3355,23835,55818
2022-07-24,3625,23861,55838
2022-07-25,9125,24255,56012
2022-07-26,9365,24318,56056
2022-07-27,9279,24389,56162
2022-07-28,9212,24441,56188
2022-07-29,8469,24236,56132
2022-07-30,3446,24353,56260
2022-07-31,3536,24397,56253
2022-08-01,8743,24487,56526
2022-08-02,9187,24533,56780
2022-08-03,8999,24380,56824
2022-08-04,9172,24347,56953
2022-08-05,8249,23922,57080
2022-08-06,3252,23856,57112
2022-08-07,3594,23840,57202
2022-08-08,9174,24120,57471
2022-08-09,8975,24157,57583
2022-08-10,9116,24323,57662
2022-08-11,8466,24085,57618
2022-08-12,7796,23784,57618
2022-08-13,3268,23884,57575
2022-08-14,3418,23927,57570
2022-08-15,7160,23365,57545
2022-08-16,8868,23296,57480
2022-08-17,8803,23055,57379
2022-08-18,8885,23162,57381
2022-08-19,8058,22859,57256
2022-08-20,3282,22886,57258
2022-08-21,3617,22954,57310
2022-08-22,9234,23810,57408
2022-08-23,9271,24051,57372
2022-08-24,9351,24276,57318
2022-08-25,9301,24294,57293
2022-08-26,8515,24140,56983
2022-08-27,3308,24131,56928
2022-08-28,3669,24112,56894
2022-08-29,9142,24336,56982
2022-08-30,9237,24435,57005
2022-08-31,8682,24138,56902
2022-09-01,9318,24250,56961
2022-09-02,8386,24004,56804
2022-09-03,3503,24264,56991
2022-09-04,3718,24300,57043
2022-09-05,8406,24168,56789
2022-09-06,9649,24444,56802
2022-09-07,9369,24743,56778
2022-09-08,9264,24652,56899
2022-09-09,8321,24493,56832
2022-09-10,3450,24540,56954
2022-09-11,3715,24623,57011
2022-09-12,9038,25037,57426
2022-09-13,10004,25297,57819
2022-09-14,9871,25533,58109
2022-09-15,9844,25832,58340
2022-09-16,8843,25874,58406
2022-09-17,3674,26024,58602
2022-09-18,3943,26211,58763
2022-09-19,9453,26533,59078
2022-09-20,10159,26560,59385
2022-09-21,9984,26706,59579
2022-09-22,9945,26726,60013
2022-09-23,8813,26412,59970
2022-09-24,3901,26539,60255
2022-09-25,4000,26545,60409
2022-09-26,10000,26935,60738
2022-09-27,10133,27007,61128
2022-09-28,10216,27193,61600
2022-09-29,10076,27154,61733
2022-09-30,8905,26866,61759
2022-10-01,3538,26754,61769
2022-10-02,3756,26772,61864
2022-10-03,8778,26561,62214
2022-10-04,9253,26380,62269
2022-10-05,8582,25846,62205
2022-10-06,9435,25452,62309
2022-10-07,8595,24906,62313
2022-10-08,4105,25375,62462
2022-10-09,4347,25663,62632
2022-10-10,9234,26032,62771
2022-10-11,10548,26570,63033
2022-10-12,10210,27235,63241
2022-10-13,10410,27506,63329
2022-10-14,9559,27648,63446
2022-10-15,3996,27806,63607
2022-10-16,4402,27975,63815
2022-10-17,10659,28615,64282
2022-10-18,10931,28807,64624
2022-10-19,10947,28942,65006
2022-10-20,10792,28877,65179
2022-10-21,9796,28687,65161
2022-10-22,4027,28780,65245
2022-10-23,4252,28704,65301
2022-10-24,9878,28657,65388
2022-10-25,10678,28626,65615
2022-10-26,10595,28489,65635
2022-10-27,10790,28451,65672
2022-10-28,9935,28340,65879
2022-10-29,4248,28456,66116
2022-10-30,4537,28533,66225
2022-10-31,10480,28803,66622
2022-11-01,9994,28800,66797
2022-11-02,10740,28912,67261
2022-11-03,11090,28968,67581
2022-11-04,10325,28881,67849
2022-11-05,4588,29167,68074
2022-11-06,4815,29432,68301
2022-11-07,11602,30091,68905
2022-11-08,11755,30842,69383
2022-11-09,11821,31378,69708
2022-11-10,11662,31701,70067
2022-11-11,10137,31645,70246
2022-11-12,4699,31787,70578
2022-11-13,5081,31877,70797
2022-11-14,11786,32227,71307
2022-11-15,11909,32300,71696
2022-11-16,12306,32468,72156
2022-11-17,12309,32396,72486
2022-11-18,11016,32411,72670
2022-11-19,5030,32646,72999
2022-11-20,5274,32710,73263
2022-11-21,12010,33088,73909
2022-11-22,12310,33232,74487
2022-11-23,11487,33037,74750
2022-11-24,10893,32601,74894
2022-11-25,9974,31932,74860
2022-11-26,4683,31864,75178
2022-11-27,5357,31992,75490
2022-11-28,12490,32364,76120
2022-11-29,12799,32670,76814
2022-11-30,12747,33084,77379
2022-12-01,12273,33467,77646
2022-12-02,11218,33595,77736
2022-12-03,5124,33901,77990
2022-12-04,5618,34070,78234
2022-12-05,12445,34327,78562
2022-12-06,12931,34515,78846
2022-12-07,12863,34454,78968
2022-12-08,12274,34380,79010
2022-12-09,10884,33962,78984
2022-12-10,4858,33936,79082
2022-12-11,5507,33939,79199
2022-12-12,12443,34103,79418
2022-12-13,12432,33969,79582
2022-12-14,12414,33961,79819
2022-12-15,11992,33593,79788
2022-12-16,10797,33240,79660
2022-12-17,4559,33249,79588
2022-12-18,4629,32908,79489
2022-12-19,11136,32474,79310
2022-12-20,11162,31912,79086
2022-12-21,10795,30998,78897
2022-12-22,10194,30110,78745
2022-12-23,8354,28911,78340
2022-12-24,3603,28642,78243
2022-12-25,3685,28306,77872
2022-12-26,6931,27065,76941
2022-12-27,8175,25831,75992
2022-12-28,8296,24614,74994
2022-12-29,7670,23165,74078
2022-12-30,6498,21846,72996
2022-12-31,3406,21756,72634
2023-01-01,3421,21734,72086
2023-01-02,7255,22439,71309
2023-01-03,10388,23937,70764
2023-01-04,10780,25053,70243
2023-01-05,11029,26283,69589
2023-01-06,9925,27234,69177
2023-01-07,4622,27675,69135
2023-01-08,4789,28171,68848
2023-01-09,11802,30073,68724
2023-01-10,12612,31046,68572
2023-01-11,12537,31872,68330
2023-01-12,12426,32520,68330
2023-01-13,11331,32807,68215
2023-01-14,4769,32931,68342
2023-01-15,5090,33054,68470
2023-01-16,11618,33268,68763
2023-01-17,12646,33212,69026
2023-01-18,12491,33074,69311
2023-01-19,12143,32838,69590
2023-01-20,10944,32459,69891
2023-01-21,4688,32553,70214
2023-01-22,4943,32540,70509
2023-01-23,11065,32538,71454
2023-01-24,11823,32398,72461
2023-01-25,11700,32121,73210
2023-01-26,10923,31598,73800
2023-01-27,10917,31258,74486
2023-01-28,5261,31762,75051
2023-01-29,5694,32080,75586
2023-01-30,12848,32871,76593
2023-01-31,12989,33260,77096
2023-02-01,13061,33602,77511
2023-02-02,13128,34291,78023
2023-02-03,12133,34428,78306
2023-02-04,5314,34685,78607
2023-02-05,5539,34745,78825
2023-02-06,13280,35103,79281
2023-02-07,13881,35691,79653
2023-02-08,14004,36194,80067
2023-02-09,13757,36289,80244
2023-02-10,12812,36506,80655
2023-02-11,5583,36699,80981
2023-02-12,6008,37007,81459
2023-02-13,14016,37556,82203
2023-02-14,14138,37758,82621
2023-02-15,14222,37831,83081
2023-02-16,14409,38246,83851
2023-02-17,13070,38139,84313
2023-02-18,5626,38333,84748
2023-02-19,6102,38357,85143
2023-02-20,13146,38430,85893
2023-02-21,14295,38718,86573
2023-02-22,14476,38669,87246
2023-02-23,14046,38439,88044
2023-02-24,13196,38151,88542
2023-02-25,6049,38479,88991
2023-02-26,6500,38618,89340
2023-02-27,14805,39318,90055
2023-02-28,15024,39582,90678
2023-03-01,14850,39824,91305
2023-03-02,15301,40253,92010
2023-03-03,14096,40443,92625
2023-03-04,6179,40715,92932
2023-03-05,6612,40821,93322
2023-03-06,15166,41290,94045
2023-03-07,15232,41295,94442
2023-03-08,14883,41319,94729
2023-03-09,15841,41471,95325
2023-03-10,14092,40935,95354
2023-03-11,6353,41169,95662
2023-03-12,6832,41302,95834
2023-03-13,15854,41878,96363
2023-03-14,16395,42291,96911
2023-03-15,16353,43001,97288
2023-03-16,16411,43178,97746
2023-03-17,14892,43288,98139
2023-03-18,6636,43610,98701
2023-03-19,7114,43931,99138
2023-03-20,16150,44595,100193
2023-03-21,16223,44828,100947
2023-03-22,16107,44751,101513
2023-03-23,16493,44567,102141
2023-03-24,15257,44468,102606
2023-03-25,7149,44729,103100
2023-03-26,7495,44886,103428
2023-03-27,16903,45340,104260
2023-03-28,17410,45697,104887
2023-03-29,17045,45898,105416
2023-03-30,16884,46041,105789
2023-03-31,15742,45923,106091
2023-04-01,7026,46197,106586
2023-04-02,7478,46392,106967
2023-04-03,16681,46888,107761
2023-04-04,17048,47127,108535
2023-04-05,15746,46828,109108
2023-04-06,15936,46511,109373
2023-04-07,12358,45282,109415
2023-04-08,7209,45504,109924
2023-04-09,7044,45431,110189
2023-04-10,14988,45348,110734
2023-04-11,17711,45692,111266
2023-04-12,17831,46427,111994
2023-04-13,17486,46895,112367
2023-04-14,15588,47726,112707
2023-04-15,7356,47831,113141
2023-04-16,7734,48198,113536
2023-04-17,17751,49422,114197
2023-04-18,18443,49840,115067
2023-04-19,18939,50320,116060
2023-04-20,18446,50407,116825
2023-04-21,15390,50004,116748
2023-04-22,7124,50092,117009
2023-04-23,8920,50595,117627
2023-04-24,18469,51267,118559
2023-04-25,19106,51816,119529
2023-04-26,19765,52677,121058
2023-04-27,20290,53943,123186
2023-04-28,18178,55189,124297
2023-04-29,8176,56136,125168
2023-04-30,8120,56481,125878
2023-05-01,12680,56012,126384
2023-05-02,19041,56991,128208
2023-05-03,18995,57179,130154
2023-05-04,20205,57129,132315
2023-05-05,18440,56752,134519
2023-05-06,10442,57894,135961
2023-05-07,9748,58798,137276
2023-05-08,19785,61391,139178
2023-05-09,20535,61537,140341
2023-05-10,20124,61215,141145
2023-05-11,20413,60675,142206
2023-05-12,18285,59658,142954
2023-05-13,8249,58707,143582
2023-05-14,8835,58079,144099
2023-05-15,20679,58469,145460
2023-05-16,20996,58554,146577
2023-05-17,20925,58741,147336
2023-05-18,18786,57969,147464
2023-05-19,18039,57468,148060
2023-05-20,8534,57710,148753
2023-05-21,8977,57815,149014
2023-05-22,20316,58022,149884
2023-05-23,21095,57890,150351
2023-05-24,20798,57766,150280
2023-05-25,20529,58208,149481
2023-05-26,18290,57884,148715
2023-05-27,8045,57769,148485
2023-05-28,8477,57577,148340
2023-05-29,16532,56559,148738
2023-05-30,21029,56535,148349
2023-05-31,20826,56464,147620
2023-06-01,20469,56178,146644
2023-06-02,18563,55695,145578
2023-06-03,8365,56058,144635
2023-06-04,8702,56268,143887
2023-06-05,20635,57850,143763
2023-06-06,21300,58130,143699
2023-06-07,21417,58256,143734
2023-06-08,20330,58141,143370
2023-06-09,18800,57820,143171
2023-06-10,8254,57938,143224
2023-06-11,8983,58098,143189
2023-06-12,21059,58329,143130
2023-06-13,22134,58692,143167
2023-06-14,21941,58896,143206
2023-06-15,21645,59272,143635
2023-06-16,19273,59130,143451
2023-06-17,8160,59261,143393
2023-06-18,8657,59335,143319
2023-06-19,20238,59438,143491
2023-06-20,21904,59358,143698
2023-06-21,21638,58981,143722
2023-06-22,20034,58407,143505
2023-06-23,17864,57392,142866
2023-06-24,7905,57466,143057
2023-06-25,9647,57725,143240
2023-06-26,20997,58102,144065
2023-06-27,21663,58191,144244
2023-06-28,20936,57889,144232
2023-06-29,19791,57500,144053
2023-06-30,18854,57161,143827
2023-07-01,7830,57259,143740
2023-07-02,8457,57130,143837
2023-07-03,20457,57659,143951
2023-07-04,20197,57436,143752
2023-07-05,22026,57856,143938
2023-07-06,22014,58373,144111
2023-07-07,19892,57962,144069
2023-07-08,8261,58242,144044
2023-07-09,8909,58642,144157
2023-07-10,22227,59614,144552
2023-07-11,22738,60572,144526
2023-07-12,22762,60958,144602
2023-07-13,22560,61150,144770
2023-07-14,19895,60924,144756
2023-07-15,8474,61201,145011
2023-07-16,8775,61272,145158
2023-07-17,21848,61595,145811
2023-07-18,23024,61830,146150
2023-07-19,22574,61519,146213
2023-07-20,22636,61150,146489
2023-07-21,20393,60804,146789
2023-07-22,8636,60944,147124
2023-07-23,8953,61016,147179
2023-07-24,22593,61603,147868
2023-07-25,23241,61793,148257
2023-07-26,23258,61914,148558
2023-07-27,22988,61830,149092
2023-07-28,20669,61517,149026
2023-07-29,8493,61479,149169
2023-07-30,9042,61499,149377
2023-07-31,22326,61880,149762
2023-08-01,22821,61944,150277
2023-08-02,23134,62070,150549
2023-08-03,22914,61772,150407
2023-08-04,20745,61067,150244
2023-08-05,8450,61296,150316
2023-08-06,8842,61237,150251
2023-08-07,22154,61557,150162
2023-08-08,23173,61857,150154
2023-08-09,23063,61995,150145
2023-08-10,22685,61858,150092
2023-08-11,19479,61074,149833
2023-08-12,8178,61178,149821
2023-08-13,8616,61229,149832
2023-08-14,20109,61166,149752
2023-08-15,18796,60095,149261
2023-08-16,22553,59660,149370
2023-08-17,22434,58964,149359
2023-08-18,20674,58620,149181
2023-08-19,8521,58845,149320
2023-08-20,9131,59142,149384
2023-08-21,23128,60876,149885
2023-08-22,24041,62747,150276
2023-08-23,24127,63291,150527
2023-08-24,23722,63725,150551
2023-08-25,21764,63616,150502
2023-08-26,9078,64206,151078
2023-08-27,9525,64422,151154
2023-08-28,23591,65093,151728
2023-08-29,24690,65614,152406
2023-08-30,23973,65437,152485
2023-08-31,23993,65351,152546
2023-09-01,21283,64449,152321
2023-09-02,8542,64302,152471
2023-09-03,9427,64371,152692
2023-09-04,21555,64220,152989
2023-09-05,24613,64547,153422
2023-09-06,24629,64880,153570
2023-09-07,23668,64582,153518
2023-09-08,22011,64435,153710
2023-09-09,8958,64848,154005
2023-09-10,9613,64803,154237
2023-09-11,24515,65928,155191
2023-09-12,25399,66498,156531
2023-09-13,25498,67049,157437
2023-09-14,25100,67484,158259
2023-09-15,22584,67356,158413
2023-09-16,9237,67803,158861
2023-09-17,9412,68026,159172
2023-09-18,23021,68218,159560
2023-09-19,24486,68266,159983
2023-09-20,25437,67960,160361
2023-09-21,25579,67798,161024
2023-09-22,23171,67392,161137
2023-09-23,9563,67615,161434
2023-09-24,9693,67813,161698
2023-09-25,25141,69150,162453
2023-09-26,26215,70076,163091
2023-09-27,25370,69931,163413
2023-09-28,23908,69109,163311
2023-09-29,20316,67822,163208
2023-09-30,8672,67674,163537
2023-10-01,9195,67628,163622
2023-10-02,20129,66529,163821
2023-10-03,23053,65575,164040
2023-10-04,24382,65383,164259
2023-10-05,24276,64561,164371
2023-10-06,22234,64556,164354
2023-10-07,10757,66217,165045
2023-10-08,11230,67365,165657
2023-10-09,24170,69191,166177
2023-10-10,26751,70601,166671
2023-10-11,27103,71393,166757
2023-10-12,25913,72102,167113
2023-10-13,23883,71822,166927
2023-10-14,9702,71848,167166
2023-10-15,10674,71863,167545
2023-10-16,26759,73070,168744
2023-10-17,27582,73647,169795
2023-10-18,27431,73622,170449
2023-10-19,26725,73427,170472
2023-10-20,23967,72531,169977
2023-10-21,9716,72699,170022
2023-10-22,10474,72765,170281
2023-10-23,25274,72728,170561
2023-10-24,25567,72363,170581
2023-10-25,27543,72419,171335
2023-10-26,27533,72652,171931
2023-10-27,24945,72612,172352
2023-10-28,10672,73323,173173
2023-10-29,11033,73748,173796
2023-10-30,27908,75453,175733
2023-10-31,28130,76499,177035
2023-11-01,25944,76689,177775
2023-11-02,27666,76793,178789
2023-11-03,25098,76703,179303
2023-11-04,11165,77194,179873
2023-11-05,11797,77685,180238
2023-11-06,29229,78875,182068
2023-11-07,30178,79705,183157
2023-11-08,29849,80902,183892
2023-11-09,29734,81361,184810
2023-11-10,25919,80908,184922
2023-11-11,10655,80908,185522
2023-11-12,10991,80594,185756
2023-11-13,27097,80217,186334
2023-11-14,28908,80193,187181
2023-11-15,28144,79683,187627
2023-11-16,29645,79351,188633
2023-11-17,27510,79618,189809
2023-11-18,11709,80285,190913
2023-11-19,12030,80901,191637
2023-11-20,29260,82447,193444
2023-11-21,31002,83477,195352
2023-11-22,30364,84548,196804
2023-11-23,27542,83994,197542
2023-11-24,25745,82782,198036
2023-11-25,12030,83246,198817
2023-11-26,12889,83779,199650
2023-11-27,31582,85378,201249
2023-11-28,32655,86333,202584
2023-11-29,32678,87288,204518
2023-11-30,32190,88853,205750
2023-12-01,29307,89301,206444
2023-12-02,12654,89568,206924
2023-12-03,13228,89943,207558
2023-12-04,31161,90148,208364
2023-12-05,31709,89810,208897
2023-12-06,31389,89262,209453
2023-12-07,30631,88203,209501
2023-12-08,26886,86581,209563
2023-12-09,12044,86404,210221
2023-12-10,12966,86378,211027
2023-12-11,30866,86483,212092
2023-12-12,31446,86513,212641
